date,payment,prepayment,interest,principal,closing_balance
01-03-2024,701.33,168.03,262.63,438.7,38787.99
01-04-2024,811.06,167.56,261.9,549.16,38568.27
01-05-2024,1622.12,335.12,523.79,1098.33,77134.82
01-07-2024,811.06,170.61,266.67,544.39,39284.99
01-10-2023,1096.77,149.29,233.33,863.44,33987.28
01-12-2023,976.52,170.61,266.67,709.85,39119.53
02-03-2024,811.06,170.61,266.67,544.39,39284.99
03-02-2029,1402.66,8.41,13.15,1389.51,987.14
04-01-2029,1402.66,14.36,22.45,1380.21,1972.6100000000001
04-02-2029,701.33,13.11,20.49,680.84,2380.04
04-04-2029,701.33,1.23,1.92,699.41,0.0
04-06-2029,701.33,1.23,1.92,699.41,0.0
05-01-2029,701.33,16.06,25.11,676.22,3073.99
05-03-2029,701.33,4.21,6.58,694.75,288.18
05-04-2029,701.33,7.18,11.23,690.1,987.14
05-05-2029,701.33,4.21,6.58,694.75,288.18
05-11-2028,1402.66,26.21,40.98,1361.68,4758.42
05-12-2028,1402.66,20.29,31.72,1370.94,3367.18
06-03-2029,701.33,10.15,15.87,685.46,1684.43
06-09-2028,1402.66,38.01,59.42,1343.24,7530.889999999999
06-10-2028,1402.66,32.120000000000005,50.2,1352.46,6146.3099999999995
06-11-2028,701.33,21.95,34.31,667.02,4456.9
06-12-2028,701.33,19.01,29.71,671.62,3766.27
07-08-2028,1402.66,43.89,68.6,1334.06,8912.14
07-09-2028,701.33,27.81,43.46,657.87,5833.2
07-10-2028,701.33,24.88,38.89,662.44,5145.87
08-02-2028,811.06,8.8,13.76,797.3,1257.15
08-04-2028,811.06,1.92,2.99,808.07,0.0
08-06-2028,1402.66,55.599999999999994,86.91,1315.75,11664.74
08-07-2028,1402.66,49.76,77.77000000000001,1324.8899999999999,10290.099999999999
08-08-2028,1512.3899999999999,32.64,51.010000000000005,1461.38,6518.87
08-09-2028,811.06,5.36,8.38,802.68,449.11
08-10-2028,811.06,1.92,2.99,808.07,0.0
09-01-2028,811.06,12.23,19.12,791.94,2063.25
09-02-2028,1402.66,78.86,123.26,1279.4,17130.49
09-03-2028,811.06,5.36,8.38,802.68,449.11
09-04-2028,1402.66,67.25999999999999,105.13,1297.53,14404.17
09-05-2028,1402.66,61.44,96.03,1306.63,13036.11
09-06-2028,2323.45,47.26,73.86,2249.59,9142.45
09-07-2028,1512.3899999999999,38.99,60.95,1451.44,7652.0199999999995
09-08-2028,811.06,8.8,13.76,797.3,1257.15
10-01-2028,1402.66,84.64,132.29,1270.37,18488.75
10-02-2028,2323.45,86.19999999999999,134.73000000000002,2188.7200000000003,17936.0
10-03-2028,1402.66,73.06,114.2,1288.46,15768.97
10-04-2028,2323.45,66.77000000000001,104.37,2219.08,13369.77
10-05-2028,2323.45,57.019999999999996,89.13000000000001,2234.32,11078.42
10-06-2028,811.06,15.65,24.46,786.6,2867.43
10-07-2028,811.06,12.23,19.12,791.94,2063.25
10-11-2027,811.06,19.07,29.8,781.26,3669.68
10-12-2027,811.06,15.65,24.46,786.6,2867.43
11-01-2028,2323.45,95.89,149.87,2173.58,20210.92
11-02-2028,811.06,29.26,45.73,765.33,6064.91
11-03-2028,2323.45,76.51,119.58,2203.87,15655.62
11-04-2028,811.06,22.47,35.12,775.94,4470.0
11-05-2028,811.06,19.07,29.8,781.26,3669.68
11-09-2027,811.06,25.87,40.43,770.63,5268.41
11-10-2027,811.06,22.47,35.12,775.94,4470.0
11-11-2027,1402.66,96.16,150.3,1252.3600000000001,21195.52
11-12-2027,1402.66,90.4,141.3,1261.36,19843.760000000002
12-01-2028,811.06,32.64,51.01,760.05,6859.49
12-03-2028,811.06,25.87,40.43,770.63,5268.41
12-08-2027,811.06,29.26,45.73,765.33,6064.91
12-09-2027,1402.66,107.62,168.20999999999998,1234.45,23889.34
12-10-2027,1402.66,101.89,159.26,1243.4,22544.05
12-11-2027,2323.45,115.18,180.01,2143.44,24744.41
12-12-2027,2323.45,105.54,164.95999999999998,2158.4900000000002,22480.39
13-02-2027,1787.58,66.68,104.23,1683.35,13884.869999999999
13-06-2027,1787.58,36.72,57.4,1730.1799999999998,7652.18
13-07-2027,811.06,32.64,51.01,760.05,6859.49
13-08-2027,1402.66,113.33000000000001,177.14,1225.52,25231.42
13-09-2027,2323.45,134.38,210.03,2113.42,29256.21
13-10-2027,2323.45,124.79,195.05,2128.4,27003.03
13-11-2027,811.06,39.38,61.55,749.51,8442.96
13-12-2027,811.06,36.01,56.29,754.77,7652.18
14-01-2027,1787.58,74.14,115.86999999999999,1671.71,15634.91
14-02-2027,1402.66,147.31,230.24,1172.42,33216.59
14-04-2027,1787.58,51.739999999999995,80.87,1706.71,10372.19
14-05-2027,1787.58,44.24,69.14999999999999,1718.4299999999998,8609.509999999998
14-06-2027,1402.66,124.71000000000001,194.93,1207.73,27905.92
14-07-2027,1402.66,119.03,186.04,1216.62,26570.27
14-08-2027,2323.45,143.93,224.98000000000002,2098.47,31504.02
14-09-2027,811.06,46.08,72.03,739.03,10018.86
14-10-2027,811.06,42.73,66.79,744.27,9231.86
15-01-2027,1402.66,152.93,239.01999999999998,1163.64,34536.32
15-02-2027,2323.45,200.85,313.92,2009.53,44878.17
15-03-2027,1787.58,59.22,92.57,1695.01,12130.640000000001
15-04-2027,1402.66,136.03,212.63,1190.03,30567.62
15-05-2027,1402.66,130.38,203.79,1198.87,29238.370000000003
15-06-2027,2323.45,162.99,254.77,2068.68,35983.47
15-07-2027,2323.45,153.48,239.89999999999998,2083.55,33746.43
15-08-2027,811.06,49.42,77.25,733.81,10803.97
15-11-2026,1787.58,88.97999999999999,139.07,1648.51,19122.41
15-12-2026,1787.58,81.56,127.48,1660.1,17380.76
16-01-2027,2323.45,210.26,328.63,1994.8200000000002,47088.54
16-02-2027,811.06,69.3,108.32,702.74,15475.33
16-03-2027,1402.66,141.68,221.45,1181.21,31893.7
16-04-2027,2323.45,181.97,284.41,2039.04,40441.49
16-05-2027,2323.45,172.5,269.62,2053.83,38215.16
16-06-2027,811.06,56.08,87.65,723.41,12368.57
16-07-2027,811.06,52.76,82.46,728.6,11587.21
16-09-2026,1787.58,103.75,162.15,1625.4299999999998,22593.23
16-10-2026,1787.58,96.37,150.62,1636.96,20859.9
16-11-2026,1402.66,164.12,256.51,1146.15,37166.29
16-12-2026,1402.66,158.53,247.76999999999998,1154.89,35852.880000000005
17-01-2027,811.06,72.59,113.45,697.61,16247.37
17-02-2026,1096.77,19.71,30.81,1065.96,3536.34
17-03-2027,2323.45,191.43,299.19,2024.2600000000002,42662.49
17-04-2027,811.06,62.71,98.01,713.05,13925.67
17-05-2027,811.06,59.4,92.84,718.22,13148.05
17-06-2026,1096.77,1.12,1.76,1095.01,0.0
17-08-2026,1787.58,111.1,173.64999999999998,1613.93,24322.4
17-09-2026,1402.66,175.25,273.92,1128.74,39783.68
17-10-2026,1402.66,169.69,265.22,1137.44,38476.55
17-11-2026,2323.45,229.0,357.92,1965.53,51493.42
17-12-2026,2323.45,219.64,343.29,1980.1599999999999,49293.619999999995
18-01-2026,1096.77,24.33,38.03,1058.74,4622.01
18-02-2026,1787.58,154.88,242.07,1545.51,34610.8
18-03-2027,811.06,66.01,103.17,707.89,14701.43
18-04-2026,1096.77,10.44,16.32,1080.45,1357.17
18-05-2026,1096.77,5.79,9.05,1087.72,263.66
18-06-2026,1787.58,125.75999999999999,196.56,1591.02,27768.33
18-07-2026,1787.58,118.45,185.12,1602.46,26047.43
18-08-2026,1402.66,180.8,282.59000000000003,1120.0700000000002,41087.67
18-09-2026,2323.45,247.65,387.07,1936.38,55877.22
18-10-2026,2323.45,238.32999999999998,372.52,1950.93,53687.95
18-11-2026,811.06,79.13,123.68,687.38,17785.92
18-12-2026,811.06,75.86,118.57,692.49,17017.57
19-01-2026,1787.58,162.11,253.38,1534.1999999999998,36311.18
19-02-2026,1402.66,213.82,334.19000000000005,1068.47,48846.3
19-03-2026,1096.77,15.08,23.58,1073.19,2448.06
19-04-2026,1787.58,140.35,219.37,1568.21,31197.77
19-05-2026,1787.58,133.07,207.98000000000002,1579.6,29485.11
19-06-2026,1402.66,191.86,299.88,1102.7800000000002,43686.3
19-07-2026,1402.66,186.33,291.24,1111.42,42388.55
19-08-2026,2323.45,256.94,401.6,1921.85,58061.25
19-09-2026,811.06,85.65,133.87,677.19,19317.1
19-10-2026,811.06,82.39,128.78,682.28,18552.43
19-11-2025,1096.77,33.54,52.42,1044.35,6785.56
19-12-2025,1096.77,28.94,45.24,1051.53,5705.08
20-01-2026,1402.66,219.26999999999998,342.72,1059.94,50128.58
20-02-2026,2323.45,312.24,488.02000000000004,1835.43,71055.95
20-03-2026,1787.58,147.63,230.74,1556.8400000000001,32906.33
20-04-2026,1402.66,202.87,317.08000000000004,1085.58,46272.490000000005
20-05-2026,1402.66,197.36,308.48,1094.1799999999998,44980.95
20-06-2026,2323.45,275.46000000000004,430.55,1892.9,62413.61
20-07-2026,2323.45,266.21000000000004,416.09000000000003,1907.3600000000001,60240.03999999999
20-08-2026,811.06,88.89,138.94,672.12,20079.94
20-09-2025,1096.77,42.7,66.74,1030.03,8938.75
20-10-2025,1096.77,38.13,59.59,1037.18,7863.44
20-11-2025,1787.58,176.53,275.92,1511.66,39699.740000000005
20-12-2025,1787.58,169.32999999999998,264.66,1522.92,38007.49
21-01-2026,2323.45,321.37,502.32,1821.13,73203.62
21-02-2026,811.06,108.21,169.13,641.93,24618.76
21-03-2026,1402.66,208.34,325.64,1077.02,47560.94
21-04-2026,2323.45,293.89,459.35,1864.1,66745.14
21-05-2026,2323.45,284.69,444.97,1878.48,64581.97
21-06-2026,811.06,95.36,149.05,662.01,21600.14
21-07-2026,811.06,92.13,144.0,667.06,20840.95
21-08-2025,1096.77,47.27,73.88,1022.89,10011.48
21-09-2025,1787.58,190.89,298.35,1489.23,43072.08
21-10-2025,1787.58,183.72,287.15,1500.43,41387.93
21-11-2025,1402.66,230.14,359.72,1042.94,52683.94
21-12-2025,1402.66,224.72,351.22,1051.44,51407.8
22-01-2026,811.06,111.4,174.11,636.95,25368.9
22-02-2025,1096.77,74.43,116.33,980.44,16394.1
22-03-2026,2323.45,303.07,473.71000000000004,1849.74,68903.13
22-04-2026,811.06,101.8,159.11,651.95,23113.07
22-05-2026,811.06,98.58,154.09,656.97,22357.52
22-06-2025,1096.77,56.36,88.1,1008.67,12149.23
22-07-2025,1096.77,51.82,80.99,1015.78,11081.64
22-08-2025,1787.58,198.02999999999997,309.53,1478.05,44752.19
22-09-2025,1402.66,240.96,376.63,1026.03,55227.07
22-10-2025,1402.66,235.57,368.18,1034.48,53957.04
22-11-2025,2323.45,339.59000000000003,530.77,1792.68,77483.51000000001
22-12-2025,2323.45,330.5,516.56,1806.8899999999999,75346.13
23-01-2025,1096.77,78.91,123.34,973.43,17448.97
23-02-2025,1787.58,240.56,376.0,1411.58,54748.7
23-03-2026,811.06,105.01,164.13,646.93,23866.82
23-04-2025,1096.77,65.42,102.24,994.53,14276.76
23-05-2025,1096.77,60.89,95.18,1001.59,13214.27
23-06-2025,1787.58,212.28,331.78999999999996,1455.79,48100.36
23-07-2025,1787.58,205.16000000000003,320.66,1466.92,46428.28
23-08-2025,1402.66,246.36,385.04999999999995,1017.61,56494.07
23-09-2025,2323.45,357.71000000000004,559.1,1764.35,81742.94
23-10-2025,2323.45,348.65999999999997,544.95,1778.5,79615.78
23-11-2025,811.06,117.76,184.06,627.0,26863.8
23-12-2025,811.06,114.58,179.09,631.97,26117.25
24-01-2025,1787.58,247.59999999999997,386.99,1400.5900000000001,56400.84
24-02-2025,1402.66,278.43,435.19,967.47,64032.58
24-03-2025,1096.77,69.93,109.29,987.48,15336.7
24-04-2025,1787.58,226.46,353.95,1433.63,51432.5
24-05-2025,1787.58,219.38,342.89,1444.69,49768.43
24-06-2025,1402.66,257.1,401.84000000000003,1000.82,59018.97
24-07-2025,1402.66,251.73000000000002,393.46000000000004,1009.2,57758.03
24-08-2025,2323.45,366.74,573.21,1750.24,83865.01000000001
24-09-2025,811.06,124.09,193.95,617.11,28351.54
24-10-2025,811.06,120.93,189.01,622.05,27608.56
24-11-2024,1096.77,87.86,137.32,959.45,19551.13
24-12-2024,1096.77,83.39,130.34,966.43,18501.31
25-01-2025,1402.66,283.74,443.48,959.1800000000001,65278.48
25-02-2025,2323.45,420.46000000000004,657.18,1666.27,96491.04000000001
25-03-2025,1787.58,233.52,364.99,1422.5900000000001,53092.59
25-04-2025,1402.66,267.78999999999996,418.56,984.1,61531.79
25-05-2025,1402.66,262.45000000000005,410.21000000000004,992.45,60276.880000000005
25-06-2025,2323.45,384.73,601.3399999999999,1722.11,88093.89
25-07-2025,2323.45,375.75,587.29,1736.16,85981.98
25-08-2025,811.06,127.24,198.88,612.18,29092.74
25-09-2024,4576.3099999999995,106.7,166.78,4409.53,21643.23
25-10-2024,1096.77,92.32,144.29,952.48,20598.44
25-11-2024,1787.58,261.61,408.89,1378.69,59693.25
25-12-2024,1787.58,254.61,397.95,1389.63,58049.020000000004
26-01-2025,2323.45,429.34000000000003,671.06,1652.39,98577.77
26-02-2025,811.06,146.01,228.21,582.85,33502.79
26-03-2025,1402.66,273.12,426.88,975.78,62783.68
26-04-2025,2323.45,402.64,629.3199999999999,1694.1299999999999,92302.54000000001
26-05-2025,2323.45,393.7,615.35,1708.1,90200.74
26-06-2025,811.06,133.53,208.7,602.36,30569.81
26-07-2025,811.06,130.39,203.8,607.26,29832.16
26-08-2024,4576.3099999999995,125.93,196.82,4379.49,25017.079999999998
26-09-2024,1787.58,275.55,430.68,1356.9,62969.92
26-10-2024,1787.58,268.58000000000004,419.79999999999995,1367.7800000000002,61333.56
26-11-2024,1402.66,294.3,459.99,942.6700000000001,67761.34
26-12-2024,1402.66,289.02,451.74,950.92,66521.40000000001
27-01-2025,811.06,149.11,233.06,578.0,34231.64
27-03-2025,2323.45,411.57,643.28,1680.17,94399.29000000001
27-04-2025,811.06,139.78,218.48,592.58,32039.82
27-05-2025,811.06,136.66,213.6,597.46,31305.69
27-06-2024,4576.3099999999995,164.21,256.66999999999996,4319.639999999999,34017.11
27-07-2024,4576.3099999999995,145.09,226.78000000000003,4349.530000000001,29522.5
27-08-2024,1787.58,282.5,441.54,1346.04,64602.37
27-09-2024,1402.66,304.81,476.42,926.24,70232.32
27-10-2024,1402.66,299.56,468.22,934.44,68998.31
27-11-2024,2323.45,447.04,698.72,1624.73,102736.23999999999
27-12-2024,2323.45,438.2,684.91,1638.54,100659.51000000001
28-02-2024,4576.3099999999995,240.26,375.52,4200.79,51888.19
28-03-2025,811.06,142.9,223.35,587.71,32772.18
28-04-2024,4576.3099999999995,202.32999999999998,316.24,4260.07,42974.09
28-05-2024,4576.3099999999995,183.3,286.5,4289.8099999999995,38500.97
28-06-2024,1787.58,296.33,463.16999999999996,1324.4099999999999,67855.55
28-07-2024,1787.58,289.43,452.37,1335.21,66230.9
28-08-2024,1402.66,310.04999999999995,484.61,918.05,71463.37
28-09-2024,2323.45,464.65,726.25,1597.2,106874.82
28-10-2024,2323.45,455.84999999999997,712.49,1610.96,104808.02
28-11-2024,811.06,155.29,242.72,568.34,35684.13
28-12-2024,811.06,152.2,237.89,573.17,34958.76
29-01-2024,4576.3099999999995,259.15999999999997,405.06,4171.25,56329.24
29-02-2024,1787.58,323.83,506.14,1281.44,74315.26000000001
29-03-2024,4576.3099999999995,221.32,345.92,4230.389999999999,47436.49
29-04-2024,1787.58,310.12,484.71000000000004,1302.87,71093.15
29-05-2024,1787.58,303.23,473.96000000000004,1313.62,69476.29000000001
29-06-2024,1402.66,320.49,500.91999999999996,901.74,73916.63
29-07-2024,1402.66,315.28,492.78,909.88,72691.47
29-08-2024,2323.45,473.41999999999996,739.95,1583.5,108936.68000000001
29-09-2024,811.06,161.44,252.33,558.73,37129.66
29-10-2024,811.06,158.37,247.53,563.53,36407.76
30-01-2024,1787.58,330.65,516.81,1270.77,75920.51999999999
30-03-2024,1787.58,316.98,495.43,1292.15,72706.14000000001
30-04-2024,1402.66,330.88,517.16,885.5,76358.15
30-05-2024,1402.66,325.69,509.05999999999995,893.6,75138.86
30-06-2024,2323.45,490.90999999999997,767.28,1556.17,113045.58
30-07-2024,2323.45,482.16999999999996,753.64,1569.81,110993.6
30-08-2024,811.06,164.51,257.12,553.94,37849.83
30-11-2023,4576.3099999999995,296.82,463.92,4112.389999999999,65179.43
30-12-2023,4576.3099999999995,278.01,434.53,4141.78,60759.64
31-01-2024,701.33,170.61,266.67,434.66,39394.72
31-03-2024,1402.66,336.05,525.26,877.4000000000001,77574.53
31-05-2024,2323.45,499.61,780.9000000000001,1542.55,115092.65
31-07-2024,811.06,167.56,261.9,549.16,38568.27
31-10-2023,4576.3099999999995,315.58000000000004,493.25,4083.06,69588.63
31-12-2023,1787.58,337.47,527.47,1260.1100000000001,77521.94
